index,Best Performance
0,0.02
1,0.0
2,0.54
3,0.0
4,0.0
5,0.01
6,0.01
7,0.02
8,0.0
9,0.0
10,0.0
11,0.99
12,0.0
13,0.02
14,0.0
15,0.0
16,0.02
17,0.01
18,0.29
19,0.0
20,0.0
21,0.0
22,0.29
23,0.0
24,0.0
25,0.0
26,0.0
27,0.18
28,0.11
29,0.0
30,0.17
31,0.01
32,0.0
33,0.22
34,0.19
35,0.0
36,0.94
37,1.0
38,0.0
39,0.0
40,0.95
41,0.21
42,0.48
43,0.0
44,0.22
45,0.01
46,0.02
47,0.0
48,0.0
49,0.0
50,0.94
51,0.37
52,0.01
53,0.01
54,0.0
55,0.0
56,0.99
57,0.41
58,0.0
59,0.13
60,0.28
61,0.0
62,0.0
63,0.0
64,0.0
65,0.45
66,0.92
67,0.0
68,0.0
69,0.3
70,0.98
71,0.01
72,0.0
73,0.17
74,0.18
75,0.02
76,0.18
77,0.0
78,0.0
79,0.01
80,0.0
81,0.01
82,0.0
83,0.23
84,0.0
85,0.17
86,0.0
87,0.28
88,0.0
89,0.0
90,0.01
91,0.0
92,0.06
93,0.1
94,0.0
95,0.43
96,0.01
97,0.01
98,0.0
99,0.0
100,0.0
101,0.0
102,0.0
103,0.0
104,0.0
105,0.97
106,0.0
107,0.19
108,0.0
109,0.33
110,0.0
111,0.0
112,0.0
113,0.0
114,0.0
115,0.23
116,0.0
117,0.98
118,0.01
119,0.0
120,0.0
121,0.0
122,0.0
123,0.01
124,0.0
125,0.0
126,0.01
127,0.41
128,0.0
129,0.0
130,0.44
131,0.01
132,0.38
133,0.01
134,0.01
135,0.99
136,0.0
137,0.0
138,0.0
139,0.27
140,0.02
141,0.0
142,0.36
143,0.0
144,0.99
145,0.0
146,0.0
147,0.17
148,0.02
149,0.0
150,0.31
151,0.0
152,0.02
153,0.15
154,0.0
155,0.01
156,0.97
157,0.0
158,0.0
159,0.03
160,0.52
161,0.33
162,0.0
163,0.0
164,0.0
165,0.18
166,0.02
167,0.01
168,0.37
169,0.02
170,1.0
171,0.0
172,0.0
173,0.22
174,0.3
175,0.0
176,0.02
177,0.21
178,0.01
179,0.01
180,0.0
181,0.98
182,0.16
183,0.01
184,0.12
185,0.03
186,0.01
187,0.0
188,0.44
189,0.0
190,0.33
191,0.0
192,0.08
193,0.01
194,0.0
195,0.17
196,0.0
197,0.19
198,0.0
199,0.0
200,0.0
201,0.0
202,0.97
203,0.0
204,0.02
205,0.0
206,0.01
207,0.35
208,0.0
209,0.0
210,0.0
211,0.01
212,0.01
213,0.27
214,0.0
215,0.01
216,0.0
217,0.24
218,0.01
219,0.33
220,0.0
221,0.0
222,0.02
223,0.0
224,0.0
225,0.0
226,0.24
227,0.0
228,0.0
229,0.0
230,0.0
231,0.17
232,0.0
233,0.0
234,0.0
235,0.02
236,0.0
237,0.39
238,0.41
239,0.0
240,0.07
241,0.02
242,0.0
243,0.0
244,0.12
245,0.92
246,0.01
247,0.0
248,0.08
249,0.91
250,0.02
251,0.0
252,0.02
253,0.01
254,0.09
255,0.01
256,0.0
257,0.99
258,0.02
259,0.0
260,0.19
261,0.01
262,0.01
263,0.18
264,0.0
265,0.4
266,0.01
267,0.0
268,0.0
269,0.0
270,0.95
271,0.0
272,0.01
273,0.0
274,0.0
275,0.0
276,0.21
277,0.27
278,0.25
279,0.98
280,0.0
281,0.49
282,0.01
283,0.01
284,0.2
285,0.01
286,0.0
287,0.0
288,0.0
289,0.0
290,0.37
291,0.0
292,0.0
293,0.0
294,0.02
295,0.0
296,0.01
297,0.5
298,0.02
299,0.23
300,0.26
301,0.0
302,0.0
303,0.0
304,0.23
305,0.0
306,0.0
307,0.93
308,0.53
309,0.16
310,0.0
311,0.0
312,0.03
313,0.21
314,0.0
315,0.0
316,0.01
317,0.96
318,0.99
319,0.0
320,0.0
321,0.02
322,0.34
323,0.0
324,0.0
325,0.0
326,0.0
327,0.24
328,0.01
329,0.0
330,0.95
331,0.0
332,0.29
333,0.02
334,0.22
335,0.4
336,0.1
337,0.0
338,0.01
339,0.35
340,0.04
341,0.24
342,1.0
343,0.0
344,0.18
345,0.0
346,0.0
347,0.0
348,0.0
349,0.01
350,0.1
351,0.0
352,1.0
353,0.31
354,0.01
355,0.0
356,0.25
357,0.36
358,0.0
359,0.26
360,0.01
361,0.18
362,0.12
363,0.0
364,0.02
365,0.0
366,0.0
367,0.0
368,0.0
369,0.18
370,0.01
371,0.96
372,0.0
373,0.24
374,0.99
375,0.0
376,0.0
377,0.0
378,0.09
379,0.04
380,0.01
381,0.59
382,0.0
383,0.0
384,0.0
385,0.0
386,0.0
387,0.0
388,0.0
389,0.0
390,0.99
391,0.0
392,0.0
393,0.01
394,0.34
395,0.99
396,0.01
397,0.88
398,0.28
399,0.0
400,0.27
401,0.0
402,0.0
403,0.0
404,0.6
405,0.01
406,0.01
407,0.0
408,0.0
409,0.0
410,0.0
411,0.19
412,0.0
413,0.0
414,0.96
415,0.0
416,0.4
417,0.0
418,0.21
419,0.04
420,0.01
421,0.0
422,0.0
423,0.02
424,0.25
425,0.01
426,0.01
427,0.98
428,0.0
429,0.0
430,0.21
431,0.04
432,0.07
433,0.21
434,0.0
435,0.49
436,0.01
437,0.01
438,0.24
439,0.0
440,0.01
441,0.0
442,0.15
443,0.0
444,1.0
445,1.0
446,0.3
447,0.0
448,0.01
449,0.0
450,0.26
451,0.0
452,0.06
453,1.0
454,0.01
455,0.0
456,0.0
457,0.96
458,0.01
459,0.34
460,0.0
461,0.02
462,0.17
463,0.17
464,0.15
465,0.17
466,0.2
467,0.0
468,0.0
469,0.01
470,0.93
471,0.03
472,0.14
473,0.59
474,0.0
475,0.0
476,0.01
477,0.0
478,0.89
479,0.02
480,0.0
481,0.51
482,0.0
483,0.0
484,0.01
485,0.01
486,0.0
487,0.2
488,0.01
489,0.0
490,0.0
491,0.02
492,0.01
493,0.0
494,0.01
495,0.0
496,0.0
497,0.02
498,0.34
499,0.44
500,0.0
501,0.0
502,0.01
503,0.95
504,0.91
505,0.86
506,0.0
507,0.41
508,0.21
509,1.0
510,0.0
511,0.04
512,0.0
513,0.0
514,0.96
515,0.23
516,0.2
517,0.0
518,0.19
519,0.01
520,0.01
521,0.0
522,0.23
523,0.0
524,0.2
525,0.99
526,0.32
527,0.0
528,0.46
529,0.11
530,0.0
531,0.2
532,0.0
533,0.0
534,0.0
535,0.01
536,0.25
537,0.48
538,0.0
539,0.97
540,0.15
541,0.0
542,0.0
543,0.0
544,0.0
545,0.0
546,0.02
547,0.0
548,0.0
549,0.0
550,0.0
551,0.0
552,0.49
553,0.64
554,0.01
555,0.0
556,0.0
557,0.47
558,0.12
559,0.03
560,0.0
561,0.0
562,0.0
563,0.92
564,0.01
565,0.0
566,0.0
567,0.0
568,0.0
569,0.94
570,0.0
571,0.0
572,0.0
573,0.0
574,0.0
575,0.17
576,0.0
577,0.0
578,0.01
579,0.0
580,0.0
581,0.22
582,0.0
583,0.92
584,0.01
585,0.0
586,0.0
587,0.01
588,0.01
589,0.16
590,0.21
591,0.98
592,0.01
593,0.01
594,0.94
595,0.0
596,0.0
597,0.0
598,0.0
599,0.0
600,0.65
601,0.27
602,0.83
603,0.02
604,0.15
605,0.28
606,0.99
607,0.0
608,0.01
609,0.23
610,0.0
611,0.05
612,0.0
613,0.1
614,0.12
615,0.1
616,0.03
617,0.17
618,0.95
619,0.0
620,0.0
621,0.0
622,0.48
623,0.0
624,0.0
625,0.0
626,0.02
627,0.95
628,0.01
629,0.0
630,0.0
631,0.95
632,0.01
633,0.51
634,0.96
635,0.11
636,0.0
637,0.0
638,0.01
639,0.0
640,0.0
641,0.0
642,0.0
643,0.0
644,0.0
645,0.0
646,0.0
647,0.01
648,0.02
649,0.0
650,0.0
651,0.24
652,0.02
653,0.03
654,0.0
655,0.18
656,0.0
657,0.3
658,0.0
659,0.01
660,0.0
661,0.12
662,0.0
663,0.36
664,0.0
665,0.0
666,0.0
667,0.02
668,0.0
669,0.02
670,0.99
671,0.35
672,0.16
673,0.0
674,0.0
675,0.05
676,0.0
677,0.0
678,0.99
679,0.0
680,0.01
681,0.0
682,0.27
683,0.28
684,0.28
685,0.0
686,0.01
687,0.0
688,0.0
689,0.0
690,0.0
691,0.0
692,0.0
693,0.45
694,0.0
695,0.36
696,0.0
697,0.01
698,0.0
699,0.0
700,0.01
701,0.94
702,0.02
703,0.0
704,0.0
705,0.0
706,0.98
707,0.01
708,1.0
709,0.0
710,0.01
711,0.0
712,0.0
713,0.61
714,0.01
715,0.0
716,0.91
717,0.01
718,0.98
719,0.0
720,0.0
721,0.0
722,0.01
723,0.0
724,0.33
725,0.45
726,0.02
727,0.11
728,0.0
729,0.04
730,0.0
731,0.0
732,0.41
733,0.0
734,0.0
735,0.38
736,0.01
737,0.01
738,0.0
739,0.29
740,0.01
741,0.02
742,0.0
743,0.16
744,0.31
745,0.0
746,0.02
747,0.0
748,0.86
749,0.0
750,0.22
751,1.0
752,1.0
753,0.95
754,0.5
755,0.21
756,0.01
757,0.01
758,0.0
759,0.0
760,0.0
761,0.01
762,0.0
763,0.0
764,0.98
765,0.0
766,0.13
767,0.0
768,0.98
769,0.94
770,0.01
771,0.01
772,0.13
773,0.0
774,0.0
775,0.98
776,0.0
777,0.04
778,0.0
779,0.0
780,0.06
781,0.0
782,0.02
783,0.38
784,0.0
785,0.97
786,0.45
787,0.01
788,0.0
789,0.01
790,0.21
791,0.0
792,0.0
793,0.93
794,0.01
795,0.16
796,0.01
797,0.5
798,0.0
799,0.0
800,0.74
801,0.31
802,0.0
803,0.01
804,0.07
805,0.01
806,0.0
807,0.0
808,0.87
809,0.0
810,0.0
811,0.0
812,0.0
813,0.0
814,0.23
815,0.01
816,0.15
817,0.9
818,0.35
819,0.16
820,0.0
821,0.95
822,0.0
823,0.01
824,0.03
825,0.0
826,0.19
827,0.25
828,0.0
829,0.0
830,0.67
831,1.0
832,0.47
833,0.0
834,0.01
835,0.0
836,0.0
837,0.0
838,0.0
839,0.33
840,0.3
841,0.0
842,0.0
843,0.01
844,0.0
845,0.0
846,0.0
847,0.92
848,0.56
849,0.0
850,0.02
851,0.0
852,0.34
853,0.0
854,0.0
855,0.0
856,0.0
857,0.33
858,0.0
859,0.0
860,0.0
861,0.57
862,0.01
863,0.0
864,0.0
865,0.15
866,0.0
867,0.0
868,0.0
869,0.01
870,0.0
871,0.99
872,0.0
873,0.0
874,0.0
875,0.0
876,0.0
877,0.0
878,0.0
879,0.0
880,0.13
881,0.0
882,0.0
883,0.0
884,1.0
885,0.02
886,0.0
887,0.0
888,0.17
889,0.01
890,0.82
891,0.0
892,0.0
893,0.02
894,0.01
895,0.01
896,0.0
897,0.0
898,0.0
899,0.53
900,0.01
901,0.0
902,0.0
903,0.0
904,0.01
905,0.26
906,0.0
907,0.01
908,0.0
909,0.17
910,0.02
911,0.16
912,0.06
913,0.0
914,0.26
915,0.0
916,0.0
917,0.22
918,0.02
919,0.0
920,0.33
921,0.0
922,0.0
923,0.81
924,0.12
925,0.2
926,0.48
927,0.0
928,0.0
929,0.08
930,0.0
931,0.0
932,0.08
933,0.94
934,0.0
935,0.0
936,0.01
937,0.96
938,0.0
939,0.01
940,0.0
941,0.3
942,0.0
943,0.01
944,0.23
945,0.0
946,0.0
947,0.0
948,0.0
949,0.0
950,0.0
951,0.0
952,0.0
953,0.0
954,0.16
955,0.0
956,0.0
957,0.01
958,0.0
959,0.13
960,0.0
961,0.17
962,0.0
963,0.01
964,0.0
965,0.0
966,0.0
967,0.0
968,0.35
969,0.02
970,0.0
971,0.0
972,0.0
973,0.97
974,0.01
975,0.0
976,0.0
977,0.01
978,0.06
979,0.99
980,0.01
981,0.02
982,0.0
983,0.4
984,0.44
985,0.14
986,0.0
987,0.0
988,0.0
989,0.31
990,0.0
991,0.3
992,0.0
993,0.31
994,0.26
995,0.36
996,0.95
997,0.0
998,0.17
999,0.22
1000,0.2
1001,0.98
1002,0.0
1003,0.17
1004,0.0
1005,0.0
1006,0.13
1007,0.0
1008,0.29
1009,0.0
1010,0.0
1011,0.0
1012,0.66
1013,0.02
1014,0.0
1015,0.0
1016,0.0
1017,0.0
1018,0.99
1019,0.01
1020,0.0
1021,0.0
1022,0.02
1023,0.29
1024,0.4
1025,0.0
1026,0.3
1027,0.0
1028,0.18
1029,0.0
1030,0.0
1031,0.17
1032,0.0
1033,0.0
1034,0.0
1035,0.01
1036,0.0
1037,0.0
1038,0.02
1039,0.0
1040,0.0
1041,0.03
1042,0.0
1043,0.01
1044,0.05
1045,0.01
1046,0.92
1047,0.01
1048,0.0
1049,0.0
1050,0.02
1051,0.0
1052,0.97
1053,0.99
1054,0.0
1055,0.01
1056,0.0
1057,0.0
1058,0.0
1059,0.03
1060,0.52
1061,0.0
1062,0.03
1063,0.02
1064,0.03
1065,0.39
1066,0.98
1067,0.49
1068,0.02
1069,0.0
1070,0.0
1071,0.22
1072,0.0
1073,0.0
1074,0.01
1075,0.2
1076,0.01
1077,0.0
1078,0.21
1079,0.14
1080,0.0
1081,0.01
1082,0.0
1083,0.04
1084,0.03
1085,0.0
1086,0.0
1087,0.01
1088,0.9
1089,0.01
1090,0.87
1091,0.0
1092,0.0
1093,0.02
1094,0.39
1095,0.0
1096,0.95
1097,0.0
1098,0.0
1099,0.0
1100,0.01
1101,0.4
1102,0.1
1103,0.33
1104,0.0
1105,0.0
1106,0.99
1107,0.0
1108,0.18
1109,0.0
1110,0.0
1111,0.33
1112,0.99
1113,0.0
1114,0.0
1115,0.01
1116,0.0
1117,0.0
1118,0.18
1119,0.01
1120,0.9
1121,0.0
1122,0.02
1123,0.11
1124,0.0
1125,0.0
1126,0.0
1127,0.0
1128,0.02
1129,0.0
1130,0.0
1131,0.13
1132,0.23
1133,0.26
1134,0.94
1135,0.0
1136,0.01
1137,0.97
1138,0.0
1139,0.0
1140,0.94
1141,0.02
1142,0.0
1143,0.15
1144,0.0
1145,0.03
1146,0.01
1147,0.89
1148,0.0
1149,0.3
1150,0.93
1151,0.01
1152,0.12
1153,0.03
1154,0.01
1155,0.0
1156,0.0
1157,0.0
1158,0.0
1159,0.0
1160,0.01
1161,0.01
1162,1.0
1163,0.87
1164,0.45
1165,0.0
1166,0.0
1167,0.0
1168,0.01
1169,0.0
1170,0.0
1171,0.02
1172,0.0
1173,0.0
1174,0.0
1175,0.01
1176,0.52
1177,0.47
1178,0.31
1179,0.94
1180,0.0
1181,0.0
1182,0.0
1183,0.01
1184,0.0
1185,0.0
1186,0.16
1187,0.0
1188,0.13
1189,0.96
1190,0.0
1191,0.0
1192,0.0
1193,0.0
1194,0.01
1195,0.01
1196,0.0
1197,0.0
1198,0.0
1199,0.0
1200,0.0
1201,0.0
1202,0.0
1203,0.0
1204,0.93
1205,0.0
1206,0.0
1207,0.0
1208,0.0
1209,0.02
1210,0.01
1211,0.17
1212,0.42
1213,0.0
1214,0.19
1215,0.0
1216,0.0
1217,0.0
1218,0.48
1219,0.0
1220,0.0
1221,0.01
1222,0.15
1223,0.01
1224,0.17
1225,0.27
1226,0.0
1227,0.23
1228,0.0
1229,0.0
1230,0.04
1231,0.0
1232,0.33
1233,0.0
1234,0.22
1235,0.0
1236,0.01
1237,0.03
1238,0.0
1239,0.0
1240,0.96
1241,0.37
1242,0.0
1243,0.38
1244,0.01
1245,0.0
1246,0.0
1247,0.0
1248,0.0
1249,0.23
1250,0.0
1251,0.95
1252,0.0
1253,0.02
1254,0.0
1255,0.0
1256,0.08
1257,0.0
1258,0.0
1259,0.1
1260,1.0
1261,0.03
1262,0.0
1263,0.1
1264,0.0
1265,0.02
1266,0.2
1267,0.37
1268,0.0
1269,0.0
1270,0.0
1271,0.0
1272,0.53
1273,0.0
1274,0.0
1275,0.0
1276,0.01
1277,0.0
1278,0.0
1279,0.0
1280,0.01
1281,0.04
1282,0.16
1283,0.99
1284,0.0
1285,0.0
1286,0.01
1287,0.0
1288,0.01
1289,0.0
1290,0.01
1291,0.0
1292,0.01
1293,0.0
1294,0.01
1295,0.1
1296,0.0
1297,0.01
1298,0.0
1299,0.01
1300,0.36
1301,0.0
1302,0.0
1303,0.0
1304,0.0
1305,0.17
1306,0.0
1307,0.12
1308,0.24
1309,0.0
1310,0.13
1311,0.24
1312,0.0
1313,0.01
1314,0.0
1315,0.37
1316,0.91
1317,0.0
1318,0.0
1319,0.0
1320,0.07
1321,0.03
1322,0.27
1323,0.92
1324,0.0
1325,0.0
1326,0.17
1327,0.0
1328,0.02
1329,0.0
1330,0.03
1331,0.24
1332,0.96
1333,0.32
1334,0.2
1335,0.0
1336,0.0
1337,0.0
1338,0.0
1339,0.0
1340,0.01
1341,0.0
1342,0.0
1343,0.0
1344,0.0
1345,0.88
1346,0.0
1347,0.0
1348,0.0
1349,0.0
1350,0.01
1351,0.0
1352,0.0
1353,0.0
1354,0.0
1355,0.29
1356,0.0
1357,0.02
1358,0.38
1359,0.05
1360,0.0
1361,0.03
1362,0.01
1363,0.0
1364,0.0
1365,0.97
1366,0.0
1367,0.0
1368,0.0
1369,0.0
1370,0.0
1371,0.0
1372,0.0
1373,0.0
1374,0.0
1375,0.26
1376,1.0
1377,0.0
1378,0.14
1379,0.4
1380,0.27
1381,0.0
1382,0.13
1383,0.0
1384,0.0
1385,0.0
1386,0.11
1387,0.18
1388,0.01
1389,0.0
1390,0.19
1391,0.0
1392,0.0
1393,0.01
1394,0.0
1395,0.0
1396,0.01
1397,0.0
1398,0.01
1399,0.0
1400,0.19
1401,0.04
1402,0.01
1403,0.0
1404,0.99
1405,0.35
1406,0.0
1407,0.01
1408,0.14
1409,0.08
1410,1.0
1411,0.01
1412,0.32
1413,0.23
1414,0.0
1415,0.23
1416,0.0
1417,0.0
1418,0.04
1419,0.0
1420,0.0
1421,0.0
1422,0.41
1423,0.02
1424,0.0
1425,0.02
1426,0.19
1427,0.0
1428,0.33
1429,0.0
1430,0.23
1431,0.33
1432,1.0
1433,0.27
1434,0.0
1435,0.0
1436,0.17
1437,0.0
1438,0.0
1439,0.0
1440,0.19
1441,0.23
1442,0.07
1443,0.29
1444,0.0
1445,0.42
1446,0.0
1447,0.01
1448,0.0
1449,0.22
1450,0.01
1451,0.0
1452,0.22
1453,0.0
1454,0.0
1455,0.25
1456,0.15
1457,0.15
1458,0.0
1459,0.0
1460,0.02
1461,0.2
1462,0.0
1463,0.03
1464,1.0
1465,0.0
1466,0.01
1467,0.97
1468,0.0
1469,0.31
1470,0.0
1471,0.0
1472,0.08
1473,0.4
1474,0.0
1475,0.15
1476,0.0
1477,0.27
1478,0.18
1479,0.16
1480,0.0
1481,0.23
1482,0.0
1483,0.93
1484,0.98
1485,0.01
1486,0.0
1487,0.0
1488,0.01
1489,0.16
1490,0.0
1491,0.0
1492,0.69
1493,0.0
1494,0.28
1495,0.89
1496,0.01
1497,0.0
1498,0.0
1499,0.93
1500,0.2
1501,0.0
1502,1.0
1503,0.0
1504,0.0
1505,0.0
1506,0.02
1507,0.6
1508,0.97
1509,0.0
1510,0.0
1511,0.0
1512,0.0
1513,0.01
1514,0.0
1515,0.01
1516,0.0
1517,0.27
1518,0.0
1519,0.11
1520,0.02
1521,0.01
1522,0.01
1523,0.0
1524,0.33
1525,0.0
1526,0.97
1527,0.87
1528,0.02
1529,0.94
1530,0.0
1531,0.97
1532,0.18
1533,0.06
1534,0.22
1535,0.0
1536,0.0
1537,0.25
1538,0.97
1539,0.02
1540,0.0
1541,0.0
1542,0.3
1543,0.0
1544,0.0
1545,0.19
1546,0.0
1547,0.18
1548,0.02
1549,0.0
1550,0.0
1551,0.3
1552,0.0
1553,0.0
1554,0.0
1555,0.0
1556,0.07
1557,0.98
1558,0.01
1559,0.0
1560,0.17
1561,0.0
1562,0.27
1563,0.0
1564,0.17
1565,0.87
1566,0.0
1567,1.0
1568,0.0
1569,0.91
1570,0.83
1571,0.71
1572,0.39
1573,0.0
1574,0.9
1575,0.0
1576,0.01
1577,0.45
1578,0.11
1579,0.0
1580,0.03
1581,0.01
1582,0.0
1583,0.84
1584,0.98
1585,0.0
1586,0.0
1587,0.0
1588,0.0
1589,0.0
1590,0.0
1591,0.04
1592,0.01
1593,0.16
1594,0.0
1595,0.0
1596,0.01
1597,0.35
1598,0.0
1599,0.0
1600,0.99
1601,0.02
1602,0.0
1603,0.13
1604,0.0
1605,0.33
1606,0.01
1607,0.14
1608,0.22
1609,0.0
1610,0.0
1611,0.0
1612,0.1
1613,0.25
1614,0.0
1615,0.0
1616,1.0
1617,0.0
1618,0.0
1619,0.13
1620,0.0
1621,0.0
1622,0.0
1623,0.02
1624,0.0
1625,1.0
1626,0.22
1627,0.92
1628,0.0
1629,0.0
1630,0.01
1631,0.0
1632,0.01
1633,0.0
1634,0.0
1635,0.4
1636,0.01
1637,0.0
1638,0.88
1639,0.04
1640,0.26
1641,0.0
1642,0.0
1643,0.0
1644,0.02
1645,0.02
1646,0.0
1647,0.01
1648,0.19
1649,0.1
1650,0.0
1651,0.33
1652,0.01
1653,0.03
1654,0.02
1655,0.01
1656,0.0
1657,0.0
1658,0.0
1659,0.9
1660,0.11
1661,0.0
1662,0.99
1663,0.02
1664,0.99
1665,0.0
1666,0.9
1667,0.22
1668,0.0
1669,0.47
1670,0.21
1671,0.0
1672,0.0
1673,0.0
1674,0.01
1675,0.32
1676,0.0
1677,0.0
1678,0.01
1679,0.15
1680,0.32
1681,0.2
1682,0.0
1683,0.94
1684,0.0
1685,0.0
1686,0.0
1687,0.03
1688,0.46
1689,0.0
1690,0.0
1691,0.56
1692,0.21
1693,0.0
1694,0.17
1695,0.0
1696,0.01
1697,0.02
1698,0.97
1699,0.0
1700,0.01
1701,0.01
1702,0.0
1703,0.0
1704,0.0
1705,0.26
1706,0.24
1707,0.05
1708,0.2
1709,0.12
1710,0.0
1711,0.0
1712,0.53
1713,0.0
1714,0.0
1715,0.02
1716,0.03
1717,0.01
1718,0.0
1719,0.0
1720,0.01
1721,0.0
1722,0.16
1723,0.0
1724,0.0
1725,0.0
1726,0.0
1727,0.0
1728,0.94
1729,0.26
1730,0.01
1731,0.0
1732,0.0
1733,0.0
1734,0.0
1735,0.0
1736,0.04
1737,0.51
1738,0.0
1739,0.15
1740,0.0
1741,0.0
1742,0.93
1743,0.0
1744,0.31
1745,0.0
1746,0.0
1747,0.03
1748,0.0
1749,0.97
1750,0.0
1751,0.01
1752,0.0
1753,0.0
1754,0.98
1755,0.99
1756,0.0
1757,0.0
1758,0.15
1759,0.0
1760,0.0
1761,0.19
1762,0.0
1763,0.0
1764,0.01
1765,0.0
1766,0.0
1767,0.01
1768,0.17
1769,0.14
1770,0.0
1771,0.0
1772,0.59
1773,0.34
1774,0.0
1775,0.0
1776,0.0
1777,0.13
1778,0.0
1779,0.01
1780,0.09
1781,0.0
1782,0.93
1783,0.99
1784,0.2
1785,0.0
1786,0.04
1787,0.02
1788,0.0
1789,0.25
1790,0.18
1791,0.0
1792,0.0
1793,0.0
1794,0.0
1795,0.0
1796,0.0
1797,0.0
1798,0.0
1799,0.0
1800,0.0
1801,0.0
1802,0.22
1803,0.96
1804,0.0
1805,0.0
1806,0.0
1807,0.37
1808,0.0
1809,0.0
1810,0.0
1811,0.85
1812,0.01
1813,0.0
1814,0.02
1815,0.0
1816,0.0
1817,0.03
1818,0.01
1819,0.0
1820,0.0
1821,0.01
1822,0.0
1823,0.89
1824,0.0
1825,0.0
1826,0.0
1827,0.23
1828,0.99
1829,0.96
1830,0.03
1831,0.0
1832,0.0
1833,0.0
1834,0.36
1835,0.11
1836,0.0
1837,0.99
1838,0.0
1839,0.41
1840,0.51
1841,0.44
1842,0.0
1843,0.04
1844,0.98
1845,0.0
1846,0.0
1847,0.4
1848,0.0
1849,0.0
1850,0.0
1851,0.02
1852,0.11
1853,1.0
1854,0.0
1855,0.12
1856,0.0
1857,0.0
1858,0.0
1859,0.0
1860,0.0
1861,0.0
1862,0.0
1863,0.97
1864,0.0
1865,0.99
1866,0.23
1867,0.01
1868,0.01
1869,0.0
1870,0.0
1871,0.0
1872,0.01
1873,0.24
1874,0.0
1875,0.0
1876,0.0
1877,0.0
1878,0.0
1879,0.0
1880,0.0
1881,0.02
1882,0.0
1883,0.95
1884,0.0
1885,0.0
1886,0.93
1887,0.0
1888,0.0
1889,0.0
1890,0.0
1891,0.0
1892,0.0
1893,0.0
1894,0.0
1895,0.94
1896,0.0
1897,0.98
1898,0.23
1899,0.02
1900,0.03
1901,0.28
1902,0.0
1903,0.12
1904,0.0
1905,0.01
1906,0.0
1907,0.0
1908,0.04
1909,0.14
1910,0.02
1911,0.01
1912,0.25
1913,0.01
1914,0.28
1915,0.01
1916,0.01
1917,0.0
1918,0.13
1919,0.54
1920,0.0
1921,0.0
1922,0.0
1923,0.19
1924,0.83
1925,0.0
1926,0.23
1927,0.0
1928,0.24
1929,0.19
1930,0.02
1931,0.01
1932,0.0
1933,0.23
1934,0.0
1935,0.17
1936,0.59
1937,0.01
1938,0.0
1939,0.26
1940,0.31
1941,0.0
1942,0.76
1943,0.0
1944,0.0
1945,0.92
1946,0.27
1947,0.13
1948,0.94
1949,0.0
1950,0.0
1951,0.02
1952,0.0
1953,0.0
1954,0.0
1955,0.92
1956,0.45
1957,0.0
1958,0.0
1959,0.0
1960,0.01
1961,0.01
1962,0.0
1963,0.01
1964,0.01
1965,0.0
1966,0.0
1967,0.03
1968,0.13
1969,0.01
1970,0.0
1971,0.21
1972,0.45
1973,0.0
1974,0.13
1975,0.34
1976,0.01
1977,0.03
1978,0.91
1979,0.0
1980,0.0
1981,0.01
1982,0.0
1983,0.0
1984,0.95
1985,0.01
1986,0.0
1987,0.21
1988,0.0
1989,0.0
1990,0.24
1991,0.02
1992,0.39
1993,0.0
1994,0.22
1995,0.0
1996,0.18
1997,0.0
1998,0.05
1999,0.0
2000,0.02
2001,0.01
2002,0.93
2003,0.0
2004,0.28
2005,0.0
2006,0.0
2007,0.02
2008,0.23
2009,0.0
2010,0.01
2011,0.0
2012,0.0
2013,0.36
2014,0.19
2015,0.02
2016,0.0
2017,0.0
2018,0.0
2019,0.01
2020,0.0
2021,0.0
2022,0.0
2023,0.0
2024,0.0
2025,0.0
2026,0.0
2027,0.0
2028,0.99
2029,0.09
2030,0.13
2031,0.0
2032,0.0
2033,0.1
2034,0.17
2035,0.0
2036,0.0
2037,0.0
2038,0.0
2039,0.07
2040,0.21
2041,0.19
2042,0.0
2043,0.0
2044,0.0
2045,0.0
2046,0.0
2047,0.01
2048,0.02
2049,0.14
2050,0.01
2051,0.0
2052,0.0
2053,0.02
2054,0.01
2055,0.0
2056,0.0
2057,0.04
2058,0.0
2059,0.01
2060,0.0
2061,1.0
2062,0.0
2063,0.18
2064,0.0
2065,0.02
2066,0.89
2067,0.16
2068,0.0
2069,0.01
2070,0.29
2071,0.64
2072,0.0
2073,0.0
2074,0.98
2075,0.01
2076,0.23
2077,0.03
2078,0.0
2079,0.0
2080,0.01
2081,0.19
2082,0.11
2083,0.36
2084,0.0
2085,0.0
2086,0.2
2087,0.0
2088,0.82
2089,0.01
2090,0.11
2091,0.55
2092,0.0
2093,0.0
2094,0.0
2095,0.88
2096,0.38
2097,0.2
2098,0.0
2099,0.58
2100,0.01
2101,0.4
2102,0.0
2103,0.0
2104,0.0
2105,0.0
2106,0.0
2107,0.0
2108,0.23
2109,1.0
2110,0.0
2111,0.02
2112,0.0
2113,0.0
2114,0.0
2115,0.01
2116,0.96
2117,0.0
2118,0.94
2119,0.0
2120,0.88
2121,0.01
2122,0.0
2123,0.57
2124,0.0
2125,0.0
2126,0.05
2127,0.0
2128,0.01
2129,0.0
2130,0.01
2131,0.41
2132,0.01
2133,0.0
2134,0.0
2135,0.11
2136,0.32
2137,1.0
2138,0.5
2139,0.0
2140,0.2
2141,0.0
2142,0.0
2143,0.01
2144,0.01
2145,0.0
2146,0.0
2147,0.97
2148,0.0
2149,0.0
2150,0.28
2151,0.0
2152,0.35
2153,0.0
2154,0.01
2155,0.33
2156,0.97
2157,0.0
2158,0.01
2159,0.0
2160,0.33
2161,0.0
2162,0.0
2163,0.0
2164,0.01
2165,0.0
2166,0.28
2167,0.0
2168,0.91
2169,0.01
2170,0.0
2171,0.01
2172,0.02
2173,0.0
2174,0.03
2175,0.5
2176,0.01
2177,0.02
2178,0.27
2179,0.0
2180,0.81
2181,0.5
2182,0.22
2183,0.47
2184,0.0
2185,0.0
2186,0.0
2187,0.0
2188,0.01
2189,0.0
2190,0.0
2191,0.89
2192,0.32
2193,0.0
2194,0.02
2195,0.01
2196,0.01
2197,0.0
2198,0.0
2199,0.12
2200,0.0
2201,0.2
2202,0.0
2203,0.02
2204,0.35
2205,0.0
2206,0.0
2207,0.0
2208,0.3
2209,0.0
2210,0.0
2211,0.0
2212,0.01
2213,0.13
2214,0.01
2215,0.0
2216,0.0
2217,0.99
2218,0.01
2219,0.01
2220,0.0
2221,0.0
2222,0.0
2223,0.06
2224,0.07
2225,0.0
2226,0.0
2227,0.0
2228,0.0
2229,0.01
2230,0.23
2231,0.96
2232,0.35
2233,0.0
2234,0.93
2235,0.0
2236,0.16
2237,0.24
2238,0.17
2239,0.0
2240,0.76
2241,0.13
2242,0.0
2243,1.0
2244,0.02
2245,0.02
2246,0.01
2247,0.0
2248,0.01
2249,0.0
2250,0.0
2251,0.0
2252,0.29
2253,1.0
2254,0.63
2255,0.0
2256,0.01
2257,0.43
2258,0.0
2259,0.0
2260,0.1
2261,0.01
2262,0.01
2263,0.01
2264,0.26
2265,0.01
2266,0.01
2267,0.36
2268,0.0
2269,0.0
2270,0.1
2271,0.01
2272,0.01
2273,0.0
2274,0.01
2275,0.38
2276,0.32
2277,0.01
2278,0.01
2279,0.11
2280,0.0
2281,0.64
2282,0.96
2283,0.28
2284,0.0
2285,0.52
2286,0.0
2287,0.03
2288,0.01
2289,0.01
2290,0.0
2291,0.0
2292,0.0
2293,0.32
2294,0.85
2295,0.59
2296,0.32
2297,0.0
2298,0.0
2299,0.02
2300,0.0
2301,0.07
2302,0.0
2303,0.29
2304,0.21
2305,0.0
2306,0.95
2307,0.01
2308,0.01
2309,0.0
2310,0.0
2311,0.0
2312,0.11
2313,0.0
2314,0.0
2315,0.27
2316,0.0
2317,0.0
2318,0.0
2319,0.0
2320,0.0
2321,0.0
2322,0.01
2323,0.0
2324,0.86
2325,0.99
2326,0.0
2327,0.01
2328,1.0
2329,0.0
2330,0.0
2331,0.0
2332,0.0
2333,0.15
2334,0.0
2335,0.01
2336,0.9
2337,0.29
2338,0.93
2339,0.0
2340,0.01
2341,0.02
2342,0.01
2343,0.97
2344,0.0
2345,0.0
2346,1.0
2347,0.01
2348,0.0
2349,0.23
2350,0.0
2351,0.91
2352,0.0
2353,0.48
2354,0.0
2355,0.0
2356,0.29
2357,0.0
2358,0.0
2359,0.01
2360,0.0
2361,0.27
2362,0.19
2363,0.26
2364,0.98
2365,0.01
2366,0.0
2367,0.99
2368,0.02
2369,0.28
2370,0.35
2371,0.11
2372,0.01
2373,0.0
2374,0.0
2375,0.0
2376,0.11
2377,0.02
2378,0.0
2379,0.0
2380,0.02
2381,0.0
2382,0.0
2383,0.0
2384,0.85
2385,0.01
2386,0.12
2387,0.01
2388,0.0
2389,0.0
2390,0.0
2391,0.0
2392,0.01
2393,0.0
2394,0.01
2395,0.0
2396,0.0
2397,0.0
2398,0.11
2399,0.17
2400,0.0
2401,0.0
2402,0.0
2403,0.0
2404,0.22
2405,0.0
2406,0.0
2407,0.02
2408,0.0
2409,0.0
2410,0.0
2411,0.27
2412,0.0
2413,0.44
2414,0.59
2415,0.0
2416,0.42
2417,0.02
2418,0.43
2419,0.0
2420,0.96
2421,1.0
2422,0.12
2423,0.01
2424,0.0
2425,0.0
2426,0.02
2427,0.0
2428,0.0
2429,0.03
2430,0.0
2431,0.0
2432,0.0
2433,0.0
2434,0.0
2435,0.31
2436,0.0
2437,0.0
2438,0.59
2439,0.04
2440,0.0
2441,0.16
2442,0.01
2443,0.91
2444,0.38
2445,0.01
2446,0.66
2447,0.0
2448,0.0
2449,0.01
2450,0.0
2451,0.4
2452,0.0
2453,0.0
2454,0.0
2455,0.0
2456,0.0
2457,0.0
2458,0.01
2459,0.0
2460,0.01
2461,0.02
2462,0.95
2463,0.1
2464,0.0
2465,0.0
2466,0.96
2467,0.25
2468,0.01
2469,0.01
2470,0.0
2471,0.0
2472,0.02
2473,0.89
2474,0.23
2475,0.02
2476,0.0
2477,0.11
2478,0.0
2479,0.0
2480,0.0
2481,0.02
2482,0.97
2483,0.0
2484,0.0
2485,0.0
2486,0.0
2487,0.01
2488,0.01
2489,0.06
2490,0.2
2491,0.0
2492,0.01
2493,0.16
2494,0.0
2495,0.0
2496,0.0
2497,0.12
2498,0.29
2499,0.0
2500,0.27
2501,0.0
2502,0.11
2503,0.0
2504,0.32
2505,0.0
2506,0.0
2507,0.02
2508,0.94
2509,0.47
2510,0.98
2511,0.93
2512,0.22
2513,0.0
2514,0.41
2515,0.64
2516,0.0
2517,0.16
2518,0.0
2519,0.15
2520,0.0
2521,0.0
2522,0.99
2523,0.0
2524,0.98
2525,0.0
2526,0.0
2527,0.01
2528,0.17
2529,0.94
2530,0.29
2531,0.01
2532,0.01
2533,0.0
2534,0.0
2535,0.0
2536,0.01
2537,0.0
2538,0.0
2539,0.0
2540,0.01
2541,0.01
2542,0.0
2543,0.01
2544,0.0
2545,0.0
2546,0.01
2547,0.95
2548,0.0
2549,0.0
2550,0.0
2551,0.0
2552,0.24
2553,0.0
2554,0.0
2555,0.53
2556,0.01
2557,0.01
2558,0.05
2559,0.98
2560,0.96
2561,0.0
2562,0.01
2563,0.01
2564,0.0
2565,0.0
2566,0.0
2567,0.0
2568,0.03
2569,0.2
2570,0.37
2571,0.98
2572,0.0
2573,0.3
2574,0.0
2575,0.0
2576,0.01
2577,0.0
2578,0.04
2579,0.1
2580,0.0
2581,0.01
2582,0.01
2583,0.32
2584,0.0
2585,0.0
2586,0.2
2587,0.09
2588,0.02
2589,0.0
2590,0.0
2591,0.03
2592,0.0
2593,0.25
2594,0.14
2595,0.3
2596,0.0
2597,0.3
2598,0.14
2599,0.0
2600,0.16
2601,0.0
2602,0.0
2603,0.0
2604,0.98
2605,0.0
2606,0.02
2607,0.0
2608,0.58
2609,0.02
2610,0.0
2611,1.0
2612,0.11
2613,0.0
2614,0.31
2615,0.0
2616,0.09
2617,0.0
2618,0.02
2619,0.0
2620,0.02
2621,0.0
2622,0.0
2623,0.27
2624,1.0
2625,0.0
2626,0.19
2627,0.02
2628,0.03
2629,0.0
2630,0.23
2631,0.0
2632,0.03
2633,0.19
2634,0.15
2635,0.0
2636,0.01
2637,0.0
2638,0.41
2639,0.01
2640,0.0
2641,0.34
2642,0.0
2643,0.01
2644,1.0
2645,0.0
2646,0.0
2647,0.0
2648,0.0
2649,0.15
2650,0.29
2651,0.0
2652,0.0
2653,0.0
2654,0.0
2655,0.35
2656,0.0
2657,0.0
2658,0.01
2659,0.99
2660,0.3
2661,0.0
2662,0.0
2663,0.01
2664,0.01
2665,0.32
2666,0.23
2667,0.0
2668,0.01
2669,0.0
2670,0.01
2671,0.02
2672,0.0
2673,0.03
2674,0.45
2675,0.05
2676,0.0
2677,0.0
2678,0.0
2679,0.01
2680,0.0
2681,0.0
2682,0.0
2683,0.0
2684,0.0
2685,0.19
2686,0.0
2687,0.0
2688,0.0
2689,0.0
2690,0.0
2691,0.01
2692,0.0
2693,0.0
2694,0.28
2695,0.01
2696,0.97
2697,0.93
2698,0.0
2699,0.01
2700,0.0
2701,0.03
2702,0.42
2703,0.0
2704,0.0
2705,0.0
2706,0.0
2707,0.0
2708,0.0
2709,0.0
2710,0.1
2711,0.37
2712,0.0
2713,0.01
2714,0.99
2715,0.0
2716,0.0
2717,0.01
2718,0.0
2719,0.0
2720,0.99
2721,0.27
2722,0.0
2723,0.0
2724,0.24
2725,1.0
2726,0.0
2727,0.0
2728,0.0
2729,0.96
2730,1.0
2731,0.02
2732,0.0
2733,0.0
2734,0.0
2735,0.17
2736,0.01
2737,0.01
2738,0.0
2739,0.0
2740,0.0
2741,0.3
2742,0.01
2743,0.0
2744,0.0
2745,0.01
2746,0.33
2747,0.27
2748,0.0
2749,0.0
2750,0.0
2751,0.01
2752,0.01
2753,0.0
2754,0.0
2755,0.16
2756,0.0
2757,0.0
2758,0.0
2759,0.17
2760,0.0
2761,0.01
2762,0.0
2763,0.0
2764,0.99
2765,0.0
2766,0.0
2767,0.0
2768,0.0
2769,0.24
2770,0.14
2771,0.0
2772,0.29
2773,0.0
2774,0.26
2775,0.0
2776,0.01
2777,0.0
2778,0.01
2779,0.98
2780,0.99
2781,0.39
2782,0.0
2783,0.29
2784,0.45
2785,0.0
2786,0.31
2787,0.28
2788,0.02
2789,0.29
2790,0.0
2791,0.01
2792,0.01
2793,0.0
2794,0.0
2795,0.0
2796,0.04
2797,0.31
2798,0.0
2799,0.0
2800,0.93
2801,0.0
2802,0.0
2803,0.0
2804,0.02
2805,0.64
2806,0.97
2807,0.0
2808,0.11
2809,0.31
2810,0.0
2811,0.88
2812,0.0
2813,0.0
2814,0.23
2815,0.0
2816,0.0
2817,0.16
2818,0.0
2819,0.99
2820,0.0
2821,0.0
2822,0.0
2823,0.02
2824,0.32
2825,0.16
2826,0.93
2827,0.97
2828,0.02
2829,0.01
2830,0.04
2831,0.02
2832,0.0
2833,0.94
2834,0.31
2835,0.0
2836,0.73
2837,0.98
2838,0.0
2839,0.0
2840,0.0
2841,0.01
2842,0.0
2843,0.33
2844,0.0
2845,0.18
2846,0.0
2847,0.96
2848,0.0
2849,0.61
2850,0.01
2851,0.01
2852,0.29
2853,0.0
2854,0.86
2855,0.01
2856,0.0
2857,0.0
2858,0.0
2859,0.01
2860,0.01
2861,0.0
2862,0.02
2863,0.96
2864,0.0
2865,0.98
2866,0.99
2867,0.02
2868,0.01
2869,0.29
2870,0.0
2871,0.2
2872,0.0
2873,0.0
2874,0.01
2875,0.0
2876,0.0
2877,0.0
2878,0.0
2879,0.0
2880,0.0
2881,0.01
2882,0.0
2883,0.01
2884,0.01
2885,0.0
2886,0.0
2887,0.0
2888,0.94
2889,0.0
2890,0.25
2891,0.33
2892,0.0
2893,0.63
2894,0.13
2895,0.0
2896,0.02
2897,0.18
2898,0.07
2899,0.01
2900,0.02
2901,0.01
2902,0.0
2903,0.98
2904,0.01
2905,0.01
2906,0.04
2907,0.21
2908,0.0
2909,0.0
2910,0.3
2911,0.01
2912,0.0
2913,0.0
2914,0.97
2915,0.0
2916,0.0
2917,0.0
2918,0.0
2919,0.0
2920,0.0
2921,0.25
2922,0.0
2923,0.0
2924,0.2
2925,0.31
2926,1.0
2927,0.36
2928,0.11
2929,0.21
2930,0.02
2931,0.02
2932,0.89
2933,0.0
2934,0.14
2935,0.01
2936,0.0
2937,0.04
2938,0.2
2939,1.0
2940,0.0
2941,0.01
2942,0.01
2943,0.13
2944,0.01
2945,0.0
2946,0.0
2947,0.0
2948,0.0
2949,0.0
2950,0.03
2951,0.03
2952,0.97
2953,0.01
2954,0.18
2955,0.01
2956,0.0
2957,0.94
2958,0.24
2959,0.0
2960,0.08
2961,0.31
2962,0.0
2963,0.59
2964,0.02
2965,0.0
2966,0.0
2967,1.0
2968,0.01
2969,0.16
2970,0.0
2971,0.0
2972,0.01
2973,0.01
2974,0.95
2975,0.0
2976,0.99
2977,0.01
2978,0.99
2979,0.34
2980,0.02
2981,0.01
2982,0.0
2983,0.0
2984,0.01
2985,0.0
2986,0.0
2987,0.04
2988,0.0
2989,0.0
2990,0.0
2991,0.02
2992,0.01
2993,0.0
2994,0.16
2995,0.0
2996,0.0
2997,0.0
2998,0.31
2999,0.98
3000,0.0
3001,0.24
3002,0.41
3003,0.0
3004,0.04
3005,0.01
3006,0.33
3007,0.0
3008,0.0
3009,0.0
3010,0.9
3011,0.0
3012,0.0
3013,0.0
3014,0.01
3015,0.0
3016,0.22
3017,0.0
3018,0.01
3019,0.16
3020,0.0
3021,0.01
3022,0.21
3023,0.0
3024,0.0
3025,0.01
3026,0.01
3027,0.98
3028,0.02
3029,0.18
3030,0.15
3031,0.47
3032,0.0
3033,0.0
3034,0.0
3035,0.26
3036,0.01
3037,0.0
3038,0.04
3039,0.03
3040,0.0
3041,0.08
3042,0.01
3043,0.46
3044,0.0
3045,0.97
3046,0.0
3047,0.28
3048,0.0
3049,0.0
3050,0.0
3051,0.32
3052,0.94
3053,0.16
3054,0.0
3055,0.02
3056,0.03
3057,0.01
3058,0.0
3059,0.02
3060,0.0
3061,0.0
3062,0.0
3063,0.01
3064,0.03
3065,0.0
3066,0.21
3067,0.0
3068,0.0
3069,0.0
3070,0.01
3071,0.0
3072,0.0
3073,0.03
3074,0.47
3075,0.87
3076,0.0
3077,0.0
3078,0.02
3079,0.1
3080,0.01
3081,0.0
3082,0.99
3083,0.43
3084,0.0
3085,0.0
3086,0.01
3087,0.31
3088,0.0
3089,0.0
3090,0.01
3091,0.24
3092,0.01
3093,0.0
3094,0.0
3095,0.01
3096,0.0
3097,0.25
3098,0.0
3099,0.18
3100,0.0
3101,0.97
3102,0.04
3103,0.01
3104,0.01
3105,0.0
3106,0.0
3107,0.0
3108,0.0
3109,0.0
3110,0.33
3111,0.0
3112,0.0
3113,0.35
3114,0.18
3115,0.01
3116,0.0
3117,0.0
3118,0.0
3119,0.0
3120,0.02
3121,0.29
3122,0.0
3123,0.24
3124,0.0
3125,0.0
3126,0.0
3127,0.0
3128,0.0
3129,0.0
3130,0.0
3131,0.0
3132,0.0
3133,0.01
3134,0.07
3135,0.0
3136,0.08
3137,0.3
3138,0.28
3139,0.17
3140,0.0
3141,0.2
3142,0.0
3143,0.0
3144,0.06
3145,0.01
3146,0.0
3147,0.0
3148,0.01
3149,0.0
3150,0.0
3151,0.34
3152,0.99
3153,0.34
3154,0.98
3155,0.34
3156,0.0
3157,0.0
3158,0.0
3159,0.0
3160,0.0
3161,0.0
3162,0.09
3163,0.2
3164,0.0
3165,0.07
3166,0.0
3167,0.0
3168,0.87
3169,0.01
3170,0.02
3171,0.01
3172,0.0
3173,0.02
3174,0.0
3175,0.0
3176,0.0
3177,0.8
3178,0.53
3179,0.0
3180,0.0
3181,0.0
3182,0.2
3183,0.06
3184,0.04
3185,0.0
3186,0.0
3187,0.0
3188,0.03
3189,0.05
3190,0.0
3191,0.0
3192,0.01
3193,0.96
3194,0.1
3195,0.0
3196,0.01
3197,0.0
3198,0.0
3199,1.0
3200,0.0
3201,0.03
3202,0.0
3203,0.34
3204,0.0
3205,0.01
3206,0.0
3207,0.0
3208,0.47
3209,0.01
3210,0.0
3211,0.01
3212,0.0
3213,0.31
3214,0.87
3215,0.0
3216,0.0
3217,0.01
3218,0.01
3219,0.0
3220,0.0
3221,0.01
3222,0.0
3223,0.0
3224,0.01
3225,0.0
3226,0.01
3227,0.0
3228,0.01
3229,0.0
3230,0.0
3231,0.42
3232,0.0
3233,0.0
3234,0.01
3235,0.17
3236,0.0
3237,0.01
3238,0.0
3239,0.02
3240,0.69
3241,0.54
3242,0.0
3243,0.0
3244,0.01
3245,0.0
3246,0.01
3247,0.0
3248,0.01
3249,0.0
3250,0.98
3251,0.01
3252,0.0
3253,0.0
3254,0.0
3255,0.01
3256,0.0
3257,0.0
3258,0.0
3259,0.02
3260,0.0
3261,0.0
3262,0.01
3263,0.0
3264,0.0
3265,0.0
3266,0.0
3267,0.02
3268,0.15
3269,0.25
3270,0.0
3271,0.0
3272,0.01
3273,0.0
3274,0.0
3275,0.02
3276,0.04
3277,0.0
3278,0.0
3279,0.0
3280,0.0
3281,0.99
3282,0.0
3283,0.0
3284,0.01
3285,0.0
3286,0.0
3287,0.0
3288,0.01
3289,0.0
3290,0.0
3291,0.0
3292,0.97
3293,0.01
3294,0.04
3295,0.01
3296,0.33
3297,0.99
3298,0.02
3299,0.21
3300,0.2
3301,0.0
3302,0.01
3303,0.01
3304,0.01
3305,0.0
3306,0.01
3307,0.01
3308,0.0
3309,0.11
3310,0.0
3311,0.0
3312,0.0
3313,0.0
3314,0.0
3315,0.01
3316,0.0
3317,0.0
3318,0.0
3319,0.0
3320,0.0
3321,0.0
3322,0.01
3323,0.01
3324,0.02
3325,0.06
3326,0.0
3327,0.17
3328,0.03
3329,0.14
3330,0.0
3331,0.0
3332,0.05
3333,0.01
3334,0.0
3335,0.0
3336,0.17
3337,0.0
3338,0.99
3339,0.39
3340,0.0
3341,0.0
3342,0.1
3343,0.0
3344,0.0
3345,0.25
3346,0.0
3347,0.01
3348,0.62
3349,0.19
3350,0.0
3351,0.05
3352,0.22
3353,0.01
3354,0.0
3355,0.48
3356,0.01
3357,0.44
3358,0.01
3359,0.3
3360,0.0
3361,0.01
3362,0.37
3363,0.0
3364,0.0
3365,0.0
3366,0.35
3367,0.96
3368,1.0
3369,0.0
3370,0.48
3371,0.01
3372,0.0
3373,0.0
3374,0.36
3375,0.98
3376,0.0
3377,0.42
3378,0.0
3379,0.01
3380,0.95
3381,0.28
3382,0.99
3383,0.0
3384,0.03
3385,0.0
3386,0.25
3387,0.01
3388,0.0
3389,0.0
3390,0.0
3391,0.02
3392,0.01
3393,0.1
3394,0.0
3395,0.01
3396,0.0
3397,0.0
3398,0.03
3399,0.01
3400,0.02
3401,0.0
3402,0.0
3403,0.15
3404,1.0
3405,0.0
3406,0.0
3407,0.03
3408,0.0
3409,0.85
3410,0.0
3411,0.33
3412,0.0
3413,0.0
3414,0.99
3415,0.01
3416,0.26
3417,0.0
3418,0.03
3419,0.01
3420,0.0
3421,0.0
3422,0.23
3423,0.01
3424,0.46
3425,0.0
3426,0.0
3427,0.0
3428,0.0
3429,0.0
3430,0.0
3431,0.0
3432,0.18
3433,0.0
3434,0.27
3435,0.0
3436,0.24
3437,0.0
3438,0.0
3439,0.0
3440,0.01
3441,0.99
3442,0.94
3443,0.01
3444,0.21
3445,0.44
3446,0.01
3447,0.0
3448,0.99
3449,0.0
3450,0.01
3451,0.0
3452,0.53
3453,0.0
3454,0.0
3455,0.0
3456,0.25
3457,0.0
3458,0.18
3459,0.3
3460,0.0
3461,0.01
3462,0.0
3463,0.13
3464,0.0
3465,0.99
3466,0.0
3467,0.01
3468,0.4
3469,0.98
3470,0.0
3471,0.01
3472,0.0
3473,0.0
3474,0.01
3475,0.0
3476,0.0
3477,0.01
3478,0.0
3479,0.01
3480,0.0
3481,0.0
3482,0.0
3483,0.42
3484,0.19
3485,0.37
3486,0.0
3487,0.86
3488,0.0
3489,0.0
3490,0.0
3491,0.0
3492,0.0
3493,0.57
3494,0.0
3495,0.0
3496,0.01
3497,0.0
3498,0.35
3499,0.0
3500,0.0
3501,0.0
3502,0.93
3503,0.0
3504,0.64
3505,0.03
3506,0.01
3507,0.0
3508,0.29
3509,0.01
3510,0.26
3511,0.2
3512,0.0
3513,0.0
3514,0.01
3515,0.22
3516,0.0
3517,0.98
3518,0.95
3519,0.0
3520,0.21
3521,0.0
3522,0.0
3523,0.27
3524,0.0
3525,0.0
3526,0.2
3527,0.16
3528,0.0
3529,0.01
3530,0.0
3531,0.0
3532,0.0
3533,0.01
3534,0.0
3535,0.0
3536,0.0
3537,0.16
3538,0.01
3539,0.54
3540,0.35
3541,0.0
3542,0.0
3543,0.24
3544,0.02
3545,0.98
3546,0.01
3547,0.99
3548,0.0
3549,0.0
3550,0.26
3551,0.01
3552,0.03
3553,0.01
3554,0.0
3555,0.01
3556,0.0
3557,0.02
3558,0.0
3559,0.0
3560,0.0
3561,0.14
3562,0.98
3563,1.0
3564,0.98
3565,0.0
3566,0.0
3567,0.0
3568,0.0
3569,0.0
3570,0.0
3571,0.0
3572,0.21
3573,1.0
3574,0.0
3575,0.0
3576,0.0
3577,0.08
3578,0.0
3579,0.29
3580,0.0
3581,0.0
3582,0.0
3583,0.0
3584,0.53
3585,0.93
3586,0.11
3587,0.0
3588,0.21
3589,0.9
3590,0.0
3591,0.0
3592,0.0
3593,0.0
3594,0.24
3595,0.0
3596,0.01
3597,0.22
3598,0.0
3599,0.13
3600,0.0
3601,0.85
3602,0.0
3603,0.3
3604,0.01
3605,0.01
3606,0.11
3607,0.0
3608,0.22
3609,0.01
3610,0.0
3611,0.32
3612,0.0
3613,0.0
3614,0.0
3615,1.0
3616,0.13
3617,0.0
3618,0.04
3619,0.02
3620,0.0
3621,0.0
3622,0.02
3623,0.0
3624,0.0
3625,0.0
3626,0.01
3627,0.0
3628,0.02
3629,0.97
3630,0.0
3631,0.35
3632,0.0
3633,0.94
3634,0.38
3635,0.24
3636,0.0
3637,0.3
3638,0.0
3639,0.01
3640,0.44
3641,0.01
3642,0.0
3643,0.01
3644,0.0
3645,0.01
3646,0.95
3647,0.97
3648,0.0
3649,0.0
3650,0.0
3651,0.0
3652,0.02
3653,0.02
3654,0.0
3655,0.4
3656,0.0
3657,0.0
3658,0.98
3659,0.0
3660,0.02
3661,0.01
3662,0.01
3663,0.23
3664,0.47
3665,0.66
3666,0.0
3667,0.24
3668,0.0
3669,0.0
3670,0.1
3671,0.88
3672,0.0
3673,0.0
3674,0.0
3675,0.0
3676,0.02
3677,0.18
3678,0.0
3679,0.01
3680,0.14
3681,0.0
3682,0.04
3683,0.24
3684,0.2
3685,0.01
3686,0.32
3687,0.05
3688,0.0
3689,0.0
3690,0.22
3691,0.99
3692,0.0
3693,0.0
3694,0.01
3695,0.0
3696,0.0
3697,0.16
3698,0.0
3699,0.24
3700,0.0
3701,0.38
3702,0.21
3703,0.02
3704,0.23
3705,0.02
3706,0.0
3707,0.01
3708,0.0
3709,0.91
3710,0.0
3711,0.01
3712,0.11
3713,0.14
3714,0.0
3715,0.25
3716,0.0
3717,0.0
3718,0.14
3719,0.26
3720,0.0
3721,0.0
3722,0.0
3723,0.23
3724,0.0
3725,0.01
3726,0.0
3727,0.0
3728,0.05
3729,0.0
3730,0.95
3731,0.02
3732,0.0
3733,0.2
3734,0.49
3735,0.03
3736,0.0
3737,0.01
3738,0.01
3739,0.28
3740,0.02
3741,0.97
3742,0.02
3743,0.27
3744,0.97
3745,0.32
3746,0.01
3747,0.0
3748,0.0
3749,0.0
3750,0.0
3751,0.0
3752,0.01
3753,0.39
3754,0.0
3755,0.0
3756,0.0
3757,0.22
3758,0.0
3759,0.2
3760,1.0
3761,0.01
3762,0.02
3763,0.01
3764,0.01
3765,0.0
3766,0.11
3767,0.14
3768,0.01
3769,0.0
3770,0.0
3771,0.4
3772,0.0
3773,0.01
3774,0.0
3775,0.36
3776,0.01
3777,0.02
3778,0.0
3779,0.01
3780,0.03
3781,0.01
3782,0.0
3783,0.44
3784,0.0
3785,0.0
3786,0.01
3787,0.01
3788,0.0
3789,0.21
3790,0.24
3791,0.0
3792,0.0
3793,0.0
3794,0.01
3795,0.0
3796,0.02
3797,0.0
3798,0.0
3799,0.0
3800,0.0
3801,0.0
3802,0.27
3803,0.38
3804,0.01
3805,0.0
3806,0.2
3807,0.29
3808,0.49
3809,0.98
3810,0.0
3811,0.92
3812,0.5
3813,0.0
3814,0.02
3815,0.02
3816,0.0
3817,0.0
3818,1.0
3819,0.01
3820,0.0
3821,0.41
3822,0.0
3823,0.0
3824,0.06
3825,0.03
3826,0.97
3827,1.0
3828,0.17
3829,0.0
3830,0.0
3831,0.18
3832,0.0
3833,0.06
3834,0.0
3835,0.0
3836,0.0
3837,0.02
3838,0.0
3839,0.0
3840,0.45
3841,0.0
3842,0.8
3843,0.17
3844,0.41
3845,0.0
3846,0.01
3847,0.0
3848,0.11
3849,0.0
3850,0.0
3851,0.02
3852,0.46
3853,0.01
3854,0.01
3855,0.23
3856,0.0
3857,0.0
3858,0.13
3859,0.0
3860,0.01
3861,0.0
3862,0.03
3863,0.99
3864,0.72
3865,0.01
3866,0.0
3867,0.01
3868,0.25
3869,0.35
3870,0.33
3871,0.01
3872,0.86
3873,0.02
3874,0.38
3875,0.0
3876,0.0
3877,0.02
3878,0.97
3879,0.0
3880,0.0
3881,0.0
3882,0.01
3883,0.0
3884,0.22
3885,0.0
3886,0.01
3887,0.01
3888,0.0
3889,0.0
3890,1.0
3891,0.0
3892,0.2
3893,0.01
3894,0.02
3895,0.0
3896,0.07
3897,0.35
3898,0.64
3899,0.0
3900,0.0
3901,0.0
3902,0.0
3903,0.98
3904,0.0
3905,0.02
3906,0.02
3907,0.0
3908,0.03
3909,0.31
3910,0.0
3911,0.0
3912,0.0
3913,0.02
3914,0.02
3915,0.01
3916,0.29
3917,0.0
3918,0.06
3919,0.0
3920,0.01
3921,0.0
3922,0.01
3923,0.0
3924,0.95
3925,1.0
3926,0.0
3927,0.23
3928,0.06
3929,0.0
3930,0.0
3931,0.01
3932,0.02
3933,0.02
3934,0.91
3935,1.0
3936,0.02
3937,0.94
3938,0.25
3939,0.0
3940,0.01
3941,0.0
3942,0.0
3943,0.01
3944,0.32
3945,0.01
3946,0.0
3947,1.0
3948,0.0
3949,0.01
3950,0.0
3951,0.02
3952,0.0
3953,0.19
3954,0.0
3955,0.06
3956,0.01
3957,0.0
3958,0.11
3959,0.0
3960,0.02
3961,0.89
3962,0.0
3963,0.0
3964,0.21
3965,0.0
3966,0.0
3967,0.11
3968,0.01
3969,0.02
3970,0.02
3971,0.0
3972,1.0
3973,0.0
3974,0.0
3975,0.97
3976,0.28
3977,0.2
3978,0.0
3979,0.0
3980,0.15
3981,0.0
3982,0.23
3983,0.0
3984,0.22
3985,0.0
3986,0.02
3987,0.0
3988,0.0
3989,0.01
3990,0.0
3991,0.0
3992,0.0
3993,0.01
3994,0.01
3995,0.08
3996,0.0
3997,0.0
3998,0.99
3999,1.0
4000,0.0
4001,0.24
4002,0.0
4003,0.19
4004,0.0
4005,0.16
4006,0.01
4007,0.0
4008,0.42
4009,0.46
4010,0.9
4011,0.0
4012,0.0
4013,0.13
4014,0.11
4015,0.01
4016,0.0
4017,0.0
4018,0.01
4019,0.94
4020,0.01
4021,0.0
4022,0.02
4023,0.0
4024,0.22
4025,0.0
4026,0.0
4027,0.09
4028,0.0
4029,0.04
4030,0.19
4031,0.0
4032,0.94
4033,0.0
4034,0.09
4035,0.0
4036,0.0
4037,0.0
4038,0.0
4039,0.0
4040,0.0
4041,0.52
4042,0.0
4043,0.02
4044,0.0
4045,0.02
4046,0.0
4047,0.0
4048,0.19
4049,0.0
4050,0.0
4051,0.0
4052,0.0
4053,0.0
4054,0.01
4055,0.0
4056,0.0
4057,0.11
4058,0.98
4059,0.61
4060,0.02
4061,0.47
4062,0.02
4063,0.0
4064,0.0
4065,0.0
4066,0.32
4067,0.01
4068,0.0
4069,0.0
4070,0.02
4071,0.01
4072,0.0
4073,0.15
4074,0.0
4075,0.02
4076,0.0
4077,0.0
4078,0.39
4079,0.0
4080,0.0
4081,0.0
4082,1.0
4083,0.01
4084,0.0
4085,0.14
4086,0.27
4087,0.02
4088,0.01
4089,0.37
4090,0.01
4091,0.17
4092,0.0
4093,0.0
4094,0.96
4095,0.33
4096,0.0
4097,0.36
4098,0.0
4099,0.0
4100,0.0
4101,0.01
4102,0.07
4103,0.35
4104,0.0
4105,0.02
4106,0.0
4107,0.0
4108,0.0
4109,0.24
4110,0.22
4111,0.94
4112,0.0
4113,0.03
4114,0.0
4115,0.0
4116,0.33
4117,0.0
4118,0.0
4119,0.0
4120,1.0
4121,0.01
4122,0.0
4123,0.1
4124,0.01
4125,0.18
4126,0.02
4127,0.0
4128,0.3
4129,0.11
4130,0.0
4131,0.23
4132,0.0
4133,0.0
4134,0.3
4135,0.01
4136,0.0
4137,0.0
4138,0.0
4139,0.0
4140,0.01
4141,0.02
4142,0.0
4143,0.01
4144,0.02
4145,0.25
4146,0.0
4147,0.0
4148,0.0
4149,0.0
4150,0.28
4151,0.01
4152,0.99
4153,1.0
4154,0.0
4155,0.0
4156,0.13
4157,0.0
4158,0.13
4159,0.97
4160,0.0
4161,0.0
4162,0.35
4163,0.02
4164,0.0
4165,0.0
4166,0.94
4167,0.27
4168,0.0
4169,0.0
4170,0.0
4171,0.01
4172,0.26
4173,0.36
4174,0.0
4175,0.98
4176,0.32
4177,0.01
4178,0.37
4179,0.0
4180,0.13
4181,0.0
4182,0.01
4183,0.0
4184,0.01
4185,0.0
4186,0.0
4187,0.18
4188,0.01
4189,0.02
4190,0.0
4191,0.9
4192,0.0
4193,0.45
4194,0.14
4195,0.0
4196,0.99
4197,0.0
4198,0.17
4199,0.23
4200,0.0
4201,0.01
4202,0.16
4203,0.0
4204,0.02
4205,0.03
4206,0.0
4207,0.0
4208,0.0
4209,0.33
4210,0.0
4211,0.2
4212,0.0
4213,0.22
4214,0.0
4215,0.0
4216,0.99
4217,0.24
4218,0.0
4219,0.0
4220,0.0
4221,0.2
4222,0.0
4223,0.01
4224,0.0
4225,0.02
4226,0.21
4227,0.22
4228,0.0
4229,0.01
4230,0.0
4231,0.12
4232,0.0
4233,0.97
4234,0.0
4235,0.02
4236,0.0
4237,0.0
4238,0.0
4239,0.0
4240,0.0
4241,0.0
4242,0.0
4243,0.18
4244,0.0
4245,0.23
4246,0.43
4247,0.52
4248,0.0
4249,1.0
4250,0.0
4251,0.0
4252,0.0
4253,0.0
4254,0.0
4255,0.0
4256,0.0
4257,0.01
4258,0.22
4259,0.0
4260,0.96
4261,0.0
4262,0.24
4263,0.01
4264,0.21
4265,0.0
4266,0.0
4267,0.0
4268,0.25
4269,0.26
4270,0.22
4271,0.0
4272,0.3
4273,0.17
4274,0.21
4275,0.0
4276,0.0
4277,0.01
4278,0.95
4279,0.25
4280,0.12
4281,0.0
4282,0.98
4283,0.09
4284,0.0
4285,0.0
4286,0.01
4287,0.0
4288,0.16
4289,0.03
4290,0.03
4291,0.01
4292,0.18
4293,0.0
4294,0.25
4295,0.01
4296,0.34
4297,0.0
4298,0.95
4299,0.02
4300,0.0
4301,0.0
4302,0.0
4303,0.07
4304,0.0
4305,0.0
4306,0.0
4307,0.01
4308,0.03
4309,0.0
4310,0.26
4311,0.97
4312,0.96
4313,0.0
4314,0.01
4315,0.9
4316,0.0
4317,0.89
4318,0.0
4319,0.0
4320,0.0
4321,0.0
4322,0.0
4323,0.0
4324,0.0
4325,0.0
4326,0.02
4327,0.01
4328,0.15
4329,0.99
4330,0.24
4331,0.01
4332,0.0
4333,0.0
4334,0.0
4335,0.27
4336,0.0
4337,0.0
4338,0.02
4339,0.0
4340,0.35
4341,0.0
4342,0.0
4343,0.01
4344,0.0
4345,0.0
4346,0.25
4347,0.99
4348,0.0
4349,0.15
4350,1.0
4351,0.44
4352,0.0
4353,0.0
4354,0.0
4355,0.0
4356,0.0
4357,0.01
4358,0.02
4359,0.01
4360,1.0
4361,0.01
4362,0.23
4363,0.0
4364,0.06
4365,0.98
4366,0.0
4367,0.0
4368,0.0
4369,0.53
4370,0.0
4371,0.01
4372,0.97
4373,0.0
4374,0.0
4375,0.95
4376,0.02
4377,0.02
4378,0.88
4379,0.02
4380,0.1
4381,0.95
4382,0.0
4383,0.15
4384,0.41
4385,0.08
4386,0.02
4387,0.0
4388,0.0
4389,0.0
4390,0.0
4391,0.0
4392,0.01
4393,0.24
4394,0.0
4395,0.0
4396,0.01
4397,0.99
4398,0.0
4399,0.0
4400,0.96
4401,0.0
4402,0.16
4403,0.33
4404,0.0
4405,1.0
4406,0.25
4407,0.3
4408,0.0
4409,1.0
4410,0.0
4411,0.01
4412,0.0
4413,1.0
4414,0.94
4415,0.0
4416,0.98
4417,0.26
4418,0.17
4419,0.0
4420,0.99
4421,0.18
4422,0.0
4423,0.0
4424,0.01
4425,0.38
4426,0.0
4427,0.22
4428,0.45
4429,0.0
4430,0.03
4431,0.93
4432,0.0
4433,0.94
4434,0.22
4435,0.0
4436,0.01
4437,0.42
4438,0.02
4439,0.03
4440,0.2
4441,0.0
4442,0.23
4443,0.0
4444,0.27
4445,0.48
4446,0.0
4447,0.0
4448,0.05
4449,0.0
4450,0.21
4451,0.01
4452,0.2
4453,0.0
4454,0.2
4455,0.31
4456,0.0
4457,0.0
4458,0.09
4459,0.0
4460,0.02
4461,0.01
4462,0.88
4463,0.06
4464,0.02
4465,0.0
4466,0.0
4467,0.0
4468,0.39
4469,0.0
4470,0.0
4471,0.0
4472,0.02
4473,0.36
4474,0.0
4475,0.96
4476,0.0
4477,0.01
4478,0.0
4479,0.01
4480,0.0
4481,0.0
4482,0.0
4483,0.0
4484,0.0
4485,0.0
4486,0.0
4487,0.0
4488,0.0
4489,0.0
4490,0.62
4491,0.0
4492,0.0
4493,0.0
4494,0.0
4495,0.32
4496,0.02
4497,0.35
4498,0.0
4499,0.92
4500,0.28
4501,0.08
4502,0.0
4503,0.0
4504,0.01
4505,0.01
4506,0.0
4507,0.0
4508,0.01
4509,0.0
4510,0.27
4511,0.01
4512,0.0
4513,0.49
4514,0.0
4515,0.0
4516,0.0
4517,0.18
4518,0.0
4519,0.97
4520,0.06
4521,0.34
4522,0.2
4523,0.15
4524,0.0
4525,0.0
4526,0.01
4527,0.0
4528,0.0
4529,0.0
4530,0.0
4531,0.0
4532,0.95
4533,0.01
4534,0.01
4535,0.13
4536,0.0
4537,0.0
4538,0.43
4539,0.01
4540,0.02
4541,0.01
4542,0.0
4543,0.22
4544,0.42
4545,0.97
4546,0.0
4547,0.0
4548,0.25
4549,0.0
4550,0.29
4551,0.0
4552,0.0
4553,0.0
4554,0.0
4555,0.0
4556,0.72
4557,0.0
4558,0.33
4559,0.0
4560,0.98
4561,0.0
4562,0.01
4563,0.0
4564,0.0
4565,0.0
4566,0.19
4567,0.0
4568,0.17
4569,0.02
4570,0.13
4571,0.0
4572,0.99
4573,0.0
4574,0.03
4575,0.01
4576,0.05
4577,0.96
4578,0.02
4579,0.0
4580,0.01
4581,0.73
4582,0.0
4583,0.0
4584,0.01
4585,0.37
4586,0.92
4587,0.01
4588,0.19
4589,0.02
4590,0.37
4591,0.0
4592,0.0
4593,0.0
4594,0.0
4595,0.01
4596,0.0
4597,0.0
4598,0.0
4599,0.0
4600,0.0
4601,0.19
4602,0.0
4603,0.0
4604,0.0
4605,0.0
4606,0.0
4607,0.0
4608,0.44
4609,0.0
4610,0.23
4611,0.0
4612,0.0
4613,0.0
4614,0.01
4615,0.99
4616,0.0
4617,0.67
4618,0.01
4619,0.0
4620,0.55
4621,0.0
4622,0.0
4623,0.01
4624,0.95
4625,0.0
4626,0.0
4627,0.0
4628,0.0
4629,0.29
4630,0.0
4631,0.01
4632,0.0
4633,0.0
4634,0.02
4635,0.0
4636,0.0
4637,0.01
4638,0.0
4639,0.0
4640,0.12
4641,0.95
4642,0.26
4643,0.0
4644,0.36
4645,0.2
4646,0.03
4647,0.41
4648,1.0
4649,0.0
4650,0.94
4651,0.0
4652,0.24
4653,0.01
4654,0.0
4655,0.0
4656,0.01
4657,0.02
4658,0.0
4659,0.04
4660,0.0
4661,0.0
4662,0.0
4663,0.0
4664,0.0
4665,0.01
4666,0.0
4667,0.01
4668,0.0
4669,0.01
4670,0.0
4671,0.0
4672,0.0
4673,0.0
4674,0.01
4675,0.0
4676,0.0
4677,0.9
4678,0.0
4679,0.0
4680,0.99
4681,0.01
4682,0.18
4683,0.16
4684,0.23
4685,0.02
4686,0.02
4687,0.0
4688,0.01
4689,0.0
4690,0.0
4691,0.0
4692,0.0
4693,0.21
4694,0.93
4695,0.0
4696,0.12
4697,0.02
4698,0.01
4699,0.95
4700,0.0
4701,0.0
4702,0.9
4703,0.91
4704,0.13
4705,0.0
4706,0.02
4707,0.0
4708,0.94
4709,0.35
4710,0.0
4711,0.0
4712,0.58
4713,0.88
4714,0.0
4715,0.3
4716,0.0
4717,0.38
4718,0.0
4719,0.0
4720,0.0
4721,0.05
4722,0.0
4723,0.0
4724,0.01
4725,0.01
4726,0.22
4727,0.0
4728,0.22
4729,0.0
4730,0.29
4731,0.24
4732,0.0
4733,0.02
4734,0.0
4735,0.0
4736,0.02
4737,0.01
4738,0.13
4739,0.53
4740,0.02
4741,0.29
4742,0.02
4743,0.0
4744,0.02
4745,0.2
4746,0.0
4747,0.0
4748,0.23
4749,0.0
4750,0.96
4751,0.0
4752,0.0
4753,0.0
4754,0.21
4755,0.03
4756,0.0
4757,0.02
4758,0.01
4759,0.01
4760,0.0
4761,0.4
4762,0.0
4763,0.0
4764,0.97
4765,0.95
4766,0.15
4767,0.0
4768,0.01
4769,0.01
4770,0.0
4771,0.03
4772,0.02
4773,0.2
4774,0.22
4775,0.0
4776,0.03
4777,0.0
4778,0.18
4779,0.01
4780,0.0
4781,0.17
4782,0.01
4783,0.0
4784,0.14
4785,0.0
4786,0.0
4787,0.0
4788,0.9
4789,0.0
4790,0.0
4791,0.13
4792,0.0
4793,0.0
4794,0.01
4795,0.34
4796,0.02
4797,0.0
4798,0.0
4799,0.01
4800,0.05
4801,0.02
4802,0.0
4803,0.0
4804,0.02
4805,0.99
4806,0.0
4807,0.01
4808,0.0
4809,0.0
4810,0.0
4811,0.0
4812,0.26
4813,0.28
4814,0.01
4815,0.19
4816,0.25
4817,0.0
4818,0.0
4819,0.21
4820,0.01
4821,0.01
4822,0.0
4823,0.01
4824,0.0
4825,0.16
4826,0.0
4827,0.0
4828,0.02
4829,0.02
4830,0.21
4831,0.47
4832,0.29
4833,0.0
4834,0.01
4835,0.52
4836,0.02
4837,0.93
4838,0.0
4839,0.01
4840,0.0
4841,0.34
4842,0.1
4843,0.0
4844,0.43
4845,0.17
4846,0.0
4847,0.0
4848,0.28
4849,0.0
4850,0.01
4851,1.0
4852,0.0
4853,0.0
4854,0.0
4855,0.0
4856,0.0
4857,0.01
4858,0.0
4859,0.0
4860,0.95
4861,0.01
4862,0.0
4863,0.98
4864,0.0
4865,0.0
4866,0.0
4867,0.01
4868,0.15
4869,0.99
4870,0.0
4871,0.22
4872,0.0
4873,0.0
4874,0.01
4875,0.02
4876,0.0
4877,0.0
4878,0.2
4879,0.0
4880,0.12
4881,0.0
4882,0.0
4883,0.01
4884,0.02
4885,0.25
4886,0.36
4887,0.02
4888,0.0
4889,0.3
4890,0.0
4891,0.01
4892,0.01
4893,0.0
4894,0.35
4895,0.0
4896,0.0
4897,0.0
4898,0.96
4899,0.15
4900,0.18
4901,0.13
4902,0.0
4903,0.25
4904,0.03
4905,0.0
4906,0.0
4907,0.0
4908,0.22
4909,0.0
4910,0.01
4911,0.01
4912,0.0
4913,0.03
4914,0.0
4915,0.01
4916,0.0
4917,0.0
4918,0.03
4919,0.19
4920,0.95
4921,0.12
4922,0.0
4923,0.01
4924,0.01
4925,0.98
4926,0.22
4927,0.0
4928,0.0
4929,0.0
4930,0.0
4931,0.0
4932,0.0
4933,0.0
4934,0.0
4935,0.0
4936,0.02
4937,0.0
4938,0.0
4939,0.0
4940,0.0
4941,0.15
4942,0.01
4943,0.01
4944,0.0
4945,0.31
4946,0.0
4947,0.02
4948,0.23
4949,0.0
4950,0.0
4951,0.21
4952,0.54
4953,0.0
4954,0.21
4955,0.02
4956,0.36
4957,0.99
4958,0.95
4959,0.0
4960,0.11
4961,0.01
4962,0.0
4963,0.0
4964,0.0
4965,0.02
4966,0.0
4967,0.0
4968,1.0
4969,0.0
4970,0.25
4971,0.0
4972,0.0
4973,0.0
4974,0.01
4975,0.03
4976,0.34
4977,0.01
4978,0.16
4979,0.0
4980,0.0
4981,0.01
4982,0.17
4983,0.98
4984,0.2
4985,0.0
4986,0.0
4987,0.17
4988,0.03
4989,0.0
4990,0.19
4991,0.0
4992,0.0
4993,0.01
4994,0.22
4995,0.14
4996,0.0
4997,0.98
4998,0.0
4999,0.0
5000,0.0
5001,0.0
5002,0.0
5003,0.0
5004,0.04
5005,0.0
5006,0.0
5007,0.99
5008,0.0
5009,0.31
5010,0.0
5011,0.31
5012,0.0
5013,0.0
5014,0.13
5015,0.61
5016,0.0
5017,0.0
5018,0.0
5019,0.92
5020,0.97
5021,0.99
5022,0.01
5023,0.26
5024,0.0
5025,0.0
5026,0.24
5027,0.17
5028,0.0
5029,0.0
5030,0.01
5031,0.0
5032,0.0
5033,0.02
5034,0.28
5035,0.0
5036,0.23
5037,0.0
5038,0.05
5039,0.29
5040,0.03
5041,0.94
5042,0.0
5043,0.0
5044,0.0
5045,0.02
5046,0.0
5047,0.61
5048,0.01
5049,0.01
5050,0.0
5051,0.0
5052,0.0
5053,0.45
5054,0.35
5055,0.19
5056,0.01
5057,0.0
5058,0.0
5059,0.01
5060,0.0
5061,0.21
5062,0.0
5063,0.02
5064,0.0
5065,0.39
5066,0.0
5067,0.0
5068,0.0
5069,0.0
5070,0.01
5071,0.19
5072,0.3
5073,0.98
5074,0.02
5075,0.97
5076,0.01
5077,0.0
5078,0.03
5079,0.21
5080,0.01
5081,0.95
5082,0.01
5083,0.0
5084,0.0
5085,0.01
5086,0.0
5087,0.0
5088,0.0
5089,0.12
5090,0.0
5091,0.0
5092,0.11
5093,0.01
5094,0.37
5095,0.0
5096,0.01
5097,0.01
5098,0.0
5099,0.0
5100,0.01
5101,0.01
5102,0.53
5103,0.0
5104,0.0
5105,0.46
5106,0.19
5107,0.0
5108,0.01
5109,0.12
5110,0.0
5111,0.32
5112,0.01
5113,1.0
5114,0.54
5115,0.92
5116,0.0
5117,0.9
5118,0.89
5119,0.0
5120,0.01
5121,0.0
5122,0.0
5123,0.0
5124,0.0
5125,0.55
5126,0.0
5127,0.0
5128,0.0
5129,0.0
5130,0.0
5131,0.0
5132,0.0
5133,0.0
5134,0.0
5135,0.01
5136,0.0
5137,0.0
5138,0.0
5139,0.0
5140,0.0
5141,0.31
5142,0.94
5143,0.0
5144,0.98
5145,0.0
5146,0.28
5147,0.0
5148,0.02
5149,0.01
5150,0.02
5151,0.29
5152,0.01
5153,0.0
5154,0.0
5155,0.92
5156,0.33
5157,0.98
5158,0.04
5159,0.01
5160,0.98
5161,0.0
5162,0.0
5163,0.34
5164,0.0
5165,0.0
5166,0.06
5167,0.0
5168,0.0
5169,0.02
5170,0.0
5171,0.0
5172,0.53
5173,1.0
5174,0.0
5175,0.0
5176,0.03
5177,0.01
5178,0.36
5179,0.0
5180,0.08
5181,0.0
5182,1.0
5183,0.0
5184,0.04
5185,0.83
5186,0.99
5187,0.18
5188,0.02
5189,0.0
5190,0.32
5191,0.0
5192,0.0
5193,0.56
5194,0.97
5195,0.0
5196,0.85
5197,0.0
5198,0.01
5199,0.19
5200,0.01
5201,0.0
5202,0.0
5203,0.99
5204,0.23
5205,0.24
5206,0.01
5207,0.79
5208,0.29
5209,0.27
5210,0.32
5211,0.0
5212,0.0
5213,0.0
5214,0.0
5215,0.0
5216,0.0
5217,0.35
5218,0.09
5219,0.01
5220,0.0
5221,0.89
5222,0.0
5223,0.0
5224,0.01
5225,1.0
5226,0.0
5227,0.1
5228,0.42
5229,0.01
5230,0.01
5231,0.43
5232,0.0
5233,0.0
5234,0.0
5235,0.99
5236,0.6
5237,0.0
5238,0.44
5239,0.0
5240,0.03
5241,0.02
5242,0.01
5243,0.0
5244,0.95
5245,0.02
5246,0.0
5247,0.09
5248,0.0
5249,0.01
5250,0.0
5251,0.18
5252,0.01
5253,0.0
5254,0.0
5255,0.01
5256,0.61
5257,0.0
5258,0.31
5259,0.0
5260,0.0
5261,0.16
5262,0.0
5263,0.0
5264,0.05
5265,0.01
5266,0.95
5267,0.02
5268,0.0
5269,0.0
5270,0.0
5271,0.51
5272,0.0
5273,0.0
5274,0.0
5275,0.0
5276,0.23
5277,0.0
5278,0.0
5279,0.0
5280,0.0
5281,0.01
5282,0.0
5283,0.02
5284,0.6
5285,0.0
5286,0.0
5287,0.0
5288,0.0
5289,0.0
5290,0.0
5291,0.38
5292,0.28
5293,0.9
5294,0.0
5295,0.5
5296,0.02
5297,0.0
5298,0.25
5299,0.0
5300,0.35
5301,0.0
5302,0.06
5303,0.5
5304,0.0
5305,0.0
5306,0.0
5307,0.0
5308,0.94
5309,0.0
5310,0.0
5311,0.93
5312,0.21
5313,0.0
5314,0.0
5315,0.0
5316,0.0
5317,0.0
5318,0.21
5319,0.1
5320,0.94
5321,0.0
5322,0.99
5323,0.29
5324,0.0
5325,0.24
5326,0.0
5327,0.01
5328,0.0
5329,0.0
5330,0.0
5331,0.0
5332,0.01
5333,0.02
5334,0.0
5335,0.0
5336,0.0
5337,0.0
5338,0.0
5339,0.01
5340,0.0
5341,0.0
5342,0.13
5343,0.01
5344,0.02
5345,0.0
5346,0.0
5347,0.0
5348,0.0
5349,0.02
5350,0.02
5351,0.0
5352,0.02
5353,0.03
5354,0.0
5355,0.03
5356,0.0
5357,0.01
5358,0.0
5359,0.01
5360,0.15
5361,0.0
5362,0.01
5363,0.0
5364,0.06
5365,0.0
5366,0.0
5367,0.77
5368,0.39
5369,0.03
5370,0.01
5371,0.0
5372,0.01
5373,0.0
5374,0.0
5375,0.0
5376,0.0
5377,0.2
5378,0.0
5379,0.2
5380,0.24
5381,0.01
5382,0.91
5383,0.29
5384,0.79
5385,0.01
5386,0.19
5387,0.97
5388,0.01
5389,0.25
5390,0.0
5391,0.97
5392,0.01
5393,0.0
5394,0.0
5395,0.0
5396,0.33
5397,0.0
5398,0.1
5399,0.37
5400,0.19
5401,0.0
5402,0.0
5403,0.0
5404,0.01
5405,0.0
5406,0.0
5407,0.0
5408,0.27
5409,0.0
5410,0.0
5411,0.0
5412,0.0
5413,0.0
5414,0.0
5415,0.95
5416,0.01
5417,0.01
5418,0.03
5419,0.44
5420,0.0
5421,0.92
5422,0.13
5423,0.12
5424,0.01
5425,0.0
5426,0.01
5427,0.0
5428,0.0
5429,0.01
5430,1.0
5431,0.33
5432,0.98
5433,0.0
5434,0.03
5435,0.0
5436,0.17
5437,0.01
5438,0.1
5439,0.01
5440,0.0
5441,0.13
5442,0.98
5443,0.0
5444,0.0
5445,0.11
5446,0.42
5447,0.0
5448,0.31
5449,0.23
5450,0.0
5451,0.0
5452,0.0
5453,0.24
5454,0.0
5455,0.33
5456,0.36
5457,0.0
5458,0.01
5459,0.43
5460,0.01
5461,0.0
5462,0.24
5463,0.01
5464,0.0
5465,0.34
5466,0.02
5467,0.01
5468,0.45
5469,0.0
5470,0.0
5471,0.01
5472,0.0
5473,0.01
5474,0.48
5475,0.32
5476,0.02
5477,0.99
5478,0.2
5479,0.34
5480,0.93
5481,0.0
5482,0.91
5483,0.0
5484,0.0
5485,0.01
5486,0.0
5487,0.0
5488,0.01
5489,0.01
5490,0.0
5491,1.0
5492,0.0
5493,0.03
5494,0.27
5495,0.24
5496,0.96
5497,0.0
5498,0.01
5499,0.0
5500,0.08
5501,0.95
5502,0.0
5503,0.29
5504,0.0
5505,0.99
5506,0.4
5507,0.0
5508,0.02
5509,0.0
5510,0.42
5511,0.87
5512,0.0
5513,0.0
5514,0.01
5515,0.02
5516,0.0
5517,0.34
5518,0.0
5519,0.3
5520,0.97
5521,0.0
5522,0.78
5523,0.0
5524,0.01
5525,0.0
5526,0.01
5527,0.0
5528,0.11
5529,0.0
5530,0.0
5531,0.0
5532,0.0
5533,0.0
5534,0.0
5535,0.0
5536,1.0
5537,0.18
5538,0.0
5539,0.0
5540,0.18
5541,0.0
5542,0.03
5543,0.91
5544,0.0
5545,0.03
5546,0.0
5547,0.14
5548,0.93
5549,0.0
5550,0.15
5551,0.0
5552,0.0
5553,0.28
5554,0.0
5555,0.29
5556,0.99
5557,0.0
5558,0.0
5559,0.01
5560,0.02
5561,0.34
5562,0.29
5563,0.02
5564,0.0
5565,0.04
5566,0.01
5567,0.01
5568,0.02
5569,0.0
5570,0.0
5571,0.42
5572,0.31
5573,0.0
5574,0.0
5575,0.0
5576,0.0
5577,0.0
5578,0.07
5579,0.11
5580,0.29
5581,0.0
5582,0.0
5583,0.0
5584,0.26
5585,0.0
5586,0.0
5587,0.0
5588,0.2
5589,0.0
5590,0.02
5591,0.12
5592,0.95
5593,0.0
5594,0.03
5595,0.0
5596,0.93
5597,0.05
5598,0.02
5599,0.0
5600,0.0
5601,0.18
5602,0.01
5603,0.35
5604,0.02
5605,0.01
5606,0.0
5607,0.0
5608,0.1
5609,0.0
5610,0.0
5611,0.42
5612,0.0
5613,0.01
5614,0.99
5615,0.0
5616,0.0
5617,0.23
5618,0.01
5619,0.06
5620,0.22
5621,0.0
5622,0.01
5623,0.01
5624,1.0
5625,0.25
5626,0.0
5627,0.0
5628,0.0
5629,0.0
5630,0.0
5631,0.12
5632,0.0
5633,0.15
5634,0.0
5635,0.13
5636,0.0
5637,0.15
5638,0.01
5639,1.0
5640,0.0
5641,0.01
5642,0.0
5643,0.18
5644,0.95
5645,0.01
5646,0.22
5647,0.91
5648,0.99
5649,0.12
5650,0.03
5651,0.0
5652,0.21
5653,0.0
5654,0.0
5655,0.0
5656,0.34
5657,0.36
5658,0.01
5659,0.02
5660,0.0
5661,0.0
5662,0.01
5663,0.92
5664,0.0
5665,0.0
5666,0.0
5667,0.96
5668,0.03
5669,0.01
5670,0.02
5671,1.0
5672,0.02
5673,0.01
5674,0.0
5675,0.0
5676,0.0
5677,0.0
5678,0.24
5679,0.0
5680,0.0
5681,0.91
5682,0.0
5683,0.36
5684,0.07
5685,0.02
5686,0.17
5687,0.0
5688,0.0
5689,0.98
5690,0.0
5691,0.0
5692,0.98
5693,0.24
5694,0.14
5695,0.0
5696,0.0
5697,0.21
5698,0.97
5699,0.13
5700,0.01
5701,0.0
5702,0.0
5703,0.12
5704,0.54
5705,0.06
5706,0.0
5707,0.0
5708,0.9
5709,0.01
5710,0.0
5711,0.0
5712,0.02
5713,0.17
5714,0.01
5715,0.0
5716,0.01
5717,0.0
5718,0.03
5719,0.26
5720,0.0
5721,0.0
5722,0.0
5723,0.31
5724,0.0
5725,0.01
5726,0.01
5727,0.02
5728,0.01
5729,0.02
5730,0.98
5731,0.2
5732,0.0
5733,0.01
5734,0.27
5735,0.92
5736,0.01
5737,0.0
5738,0.01
5739,0.0
5740,0.06
5741,0.01
5742,0.22
5743,0.37
5744,0.01
5745,0.01
5746,0.07
5747,0.0
5748,0.0
5749,0.0
5750,0.1
5751,0.0
5752,0.0
5753,0.0
5754,1.0
5755,0.01
5756,0.01
5757,0.29
5758,0.01
5759,0.0
5760,0.0
5761,0.0
5762,0.3
5763,0.0
5764,0.0
5765,0.0
5766,0.0
5767,0.21
5768,0.06
5769,0.01
5770,0.0
5771,0.0
5772,0.01
5773,0.0
5774,0.0
5775,0.0
5776,0.01
5777,0.01
5778,0.01
5779,0.99
5780,0.01
5781,0.0
5782,0.16
5783,0.0
5784,0.28
5785,0.38
5786,0.01
5787,0.0
5788,1.0
5789,0.0
5790,0.01
5791,0.02
5792,0.01
5793,0.01
5794,0.0
5795,0.98
5796,0.34
5797,0.0
5798,0.03
5799,0.02
5800,0.0
5801,0.52
5802,0.0
5803,0.0
5804,0.99
5805,0.0
5806,0.0
5807,0.2
5808,0.0
5809,0.0
5810,0.38
5811,0.0
5812,0.0
5813,0.0
5814,1.0
5815,0.0
5816,0.0
5817,0.02
5818,0.0
5819,0.01
5820,0.01
5821,0.0
5822,0.36
5823,0.0
5824,0.0
5825,0.32
5826,1.0
5827,0.0
5828,0.01
5829,0.0
5830,0.94
5831,1.0
5832,0.01
5833,0.14
5834,0.01
5835,0.01
5836,0.0
5837,0.11
5838,0.18
5839,0.14
5840,0.42
5841,0.0
5842,0.4
5843,0.98
5844,0.46
5845,0.98
5846,0.02
5847,0.0
5848,0.0
5849,0.0
5850,0.22
5851,0.15
5852,0.28
5853,0.0
5854,0.45
5855,0.0
5856,0.0
5857,0.0
5858,0.0
5859,0.0
5860,1.0
5861,0.0
5862,0.03
5863,0.0
5864,0.22
5865,0.0
5866,0.0
5867,0.0
5868,0.33
5869,0.99
5870,0.0
5871,0.0
5872,0.01
5873,0.0
5874,0.0
5875,0.0
5876,0.0
5877,0.23
5878,0.0
5879,0.42
5880,0.21
5881,0.01
5882,0.33
5883,0.99
5884,0.01
5885,0.0
5886,0.49
5887,0.0
5888,0.02
5889,0.0
5890,0.0
5891,0.33
5892,0.03
5893,0.0
5894,0.0
5895,0.22
5896,0.0
5897,0.33
5898,0.03
5899,0.01
5900,0.95
5901,0.14
5902,0.01
5903,0.29
5904,0.0
5905,0.05
5906,0.1
5907,0.0
5908,0.01
5909,0.28
5910,0.0
5911,0.0
5912,0.0
5913,0.0
5914,0.01
5915,0.0
5916,0.0
5917,0.0
5918,0.0
5919,0.46
5920,0.0
5921,0.0
5922,0.01
5923,0.0
5924,0.0
5925,0.99
5926,0.33
5927,0.0
5928,0.0
5929,0.15
5930,0.01
5931,0.0
5932,0.3
5933,1.0
5934,0.17
5935,0.0
5936,0.0
5937,0.21
5938,0.0
5939,0.0
5940,0.0
5941,0.25
5942,0.94
5943,0.43
5944,0.0
5945,0.29
5946,0.31
5947,0.0
5948,0.01
5949,0.01
5950,0.21
5951,0.0
5952,0.01
5953,0.0
5954,0.01
5955,0.02
5956,0.02
5957,0.01
5958,0.0
5959,0.0
5960,0.0
5961,0.1
5962,0.0
5963,0.01
5964,0.12
5965,0.0
5966,0.0
5967,0.0
5968,0.04
5969,0.0
5970,0.0
5971,0.99
5972,0.99
5973,0.0
5974,0.92
5975,0.0
5976,0.0
5977,0.0
5978,0.02
5979,0.0
5980,0.0
5981,0.11
5982,0.0
5983,0.0
5984,0.96
5985,1.0
5986,0.03
5987,0.03
5988,0.97
5989,0.0
5990,0.11
5991,0.0
5992,0.0
5993,0.83
5994,0.02
5995,0.0
5996,0.14
5997,0.0
5998,0.03
5999,0.0
